image,algorithm,attack_category,attack_name,attack_params,mse,rmse,psnr,ssim,aad,nad,ncc_image,ber,ncc_secret,extracted_payload,psnr_attacked,ssim_attacked
picsum_color_000.jpg,example_lsb,none,clean,none,5.5948893229166664e-05,0.007479899279346391,90.65288861053047,0.999999998222052,5.5948893229166664e-05,4.1640889536467815e-07,0.9999999933501311,0.0,1.0,SECRET DATA,,
picsum_color_000.jpg,example_lsb,compression,jpeg,quality=95,5.5948893229166664e-05,0.007479899279346391,90.65288861053047,0.999999998222052,5.5948893229166664e-05,4.1640889536467815e-07,0.9999999933501311,0.49127906976744184,0.0,"Äp¨Á8U'J¨PÅ³
¥·ráÕJ$vÛq7Hö%uÙ·&",48.644116368225774,0.999157787472395
picsum_color_000.jpg,example_lsb,compression,jpeg,quality=85,5.5948893229166664e-05,0.007479899279346391,90.65288861053047,0.999999998222052,5.5948893229166664e-05,4.1640889536467815e-07,0.9999999933501311,0.5425531914893617,0.034482758620689655,Çú;g.©Y6)6?Kÿ*·ò¤¿ÛÔÔÜÕÉXÎCÅØÞ8p,39.24837101107184,0.9940610203983984
picsum_color_000.jpg,example_lsb,compression,jpeg,quality=70,5.5948893229166664e-05,0.007479899279346391,90.65288861053047,0.999999998222052,5.5948893229166664e-05,4.1640889536467815e-07,0.9999999933501311,0.541920731707317,0.011428571428571429,"¶8K~<ºAÇ¶Gµ²¢Oäe%x&y¶)Àu'äÈVûw.Ùÿÿãÿ8ÇãÿÇÿþûlN'í¢¢NLi¿¿¨§g
«­ãÔÑÏm¶Þí±×r7$*µc½ÿzÙüxö÷K°ÛÔºçð;ßÿÀÇÚ14\<pJ«R¶¤©ZªU$«þ2Iiz¸­V«jª¥iä",37.48222766694961,0.9919482180464271
picsum_color_000.jpg,example_lsb,compression,jpeg,quality=50,5.5948893229166664e-05,0.007479899279346391,90.65288861053047,0.999999998222052,5.5948893229166664e-05,4.1640889536467815e-07,0.9999999933501311,0.5328947368421053,0.0,-ºÌ0-1Ç$nHÛU)6Ìj©¸ÜÀüÇ$öÛ¼ð,26.24198420952471,0.9033224595449069
picsum_color_000.jpg,example_lsb,compression,jpeg,quality=30,5.5948893229166664e-05,0.007479899279346391,90.65288861053047,0.999999998222052,5.5948893229166664e-05,4.1640889536467815e-07,0.9999999933501311,0.5555555555555556,0.0,þØ%MM¸ÜÆÝÃ%Náé5gGÄæøyUj¶Õn-¶ÜnxÝ?ÿñøüp8,25.235375047335854,0.8428573583195745
picsum_color_000.jpg,example_lsb,compression,webp,quality=95,5.5948893229166664e-05,0.007479899279346391,90.65288861053047,0.999999998222052,5.5948893229166664e-05,4.1640889536467815e-07,0.9999999933501311,0.5148809523809523,0.03773584905660377,²õK<ËX ¨á- ÜÌÓs_®Ãïv{¥lqÅÇùg'JQÑ,43.72538453485415,0.9969846354038631
picsum_color_000.jpg,example_lsb,compression,webp,quality=85,5.5948893229166664e-05,0.007479899279346391,90.65288861053047,0.999999998222052,5.5948893229166664e-05,4.1640889536467815e-07,0.9999999933501311,0.45478723404255317,0.034482758620689655,ÇaÔ$ª­$ã:>´QA%z@p'UV|¯Ic ±~ÿþ,37.90889623334224,0.9901157050276348
picsum_color_000.jpg,example_lsb,noise,gaussian,mean=0.0_var=0.01,5.5948893229166664e-05,0.007479899279346391,90.65288861053047,0.999999998222052,5.5948893229166664e-05,4.1640889536467815e-07,0.9999999933501311,0.5665492957746479,0.02185792349726776,"h·¿ôwÃ-cGWÌ¯Ýs^hdK~ß>ÆóËg§~|îÿ[ÿ Ú~ÿµ÷½¿ÿþ÷Ó?§ÅòÝî«Ý×ÈVÂJ÷îÞ*#ÿ·ÝwÒ£º¿§ØR}ç7ùÞ³äÍ°å÷×^p«ê¹ï-Z>çý¯uû~lB¬!fgIøïì¦ÎëGÀWÊ Ó""C¨ªE°.É;`ôÃ¡_öô¸\1wïOu×ò6«þ\bP1å»÷ú$3Òp	Àsk¿µZ?Ï¯C+cóvá¿óüÏ#peï{Uô]Ýþ¿N¾}|{á¤Twv°µý/¬²8ÍöÏ¯Äù	¸_m$©û¬×xÿÝ/ûïº´7zïì5²$§z[NuHÏöü~¿ÿêZÁP|g-üºCØ)
Ò»Btãv9Ê*ÕWçò¦ M",20.26867741560716,0.6183785970859939
picsum_color_000.jpg,example_lsb,noise,gaussian,mean=0.0_var=0.05,5.5948893229166664e-05,0.007479899279346391,90.65288861053047,0.999999998222052,5.5948893229166664e-05,4.1640889536467815e-07,0.9999999933501311,0.6224489795918368,0.02531645569620253,"¸¿;V*Bß»½KAàÇï¶Ñ¼L^ÎàE\ÑùðüË^Oög¹Ïmüz®óò«}×÷yØí_ÝÞsÀµ¨ã¿ÝÒï_ËÇo½¾Øÿß}[_«=ïËu§«£Ûu³¯~ùÿN±Í×þ¯ák~íw½*z¼¾}äá-¹T,¸/£ãq´îÀò-",13.993559746656647,0.3199078215564792
picsum_color_000.jpg,example_lsb,noise,salt_pepper,amount=0.05,5.5948893229166664e-05,0.007479899279346391,90.65288861053047,0.999999998222052,5.5948893229166664e-05,4.1640889536467815e-07,0.9999999933501311,0.022727272727272728,0.8181818181818182,SECREV DA\A,18.242300423977927,0.6629814032867737
picsum_color_000.jpg,example_lsb,noise,speckle,var=0.04,5.5948893229166664e-05,0.007479899279346391,90.65288861053047,0.999999998222052,5.5948893229166664e-05,4.1640889536467815e-07,0.9999999933501311,0.6009078212290503,0.01084010840108401,÷¿ãw97WcâñnJð<õ®ýï÷ê¢Ö1ÝþT6ðÛÊ§¯ç¤ëÿÿ[ô5·{{ó÷þøýyík{5ïðê?ï÷X23v:ÿKÑ`{ôKßùÛ=ü¿Y±WÇè§Å?ÝÕV~»ïwj]ì£_³ápzßIuvOÙËyoëÿ;éW¾½÷Á\5z¼thPT_îU3¢@@Âdÿ5­_ÇµW-ÇI-µâY_+Î±´·ÜÁ&1»ùZ®Ls½²7s×þ×/ßSÏî^úU½{»­!+®¤6h×ãÿo³NÝûï½¯øÕÓÞçã÷ïZþ#÷÷ÙáÈ½ýw _ÿüÝ^ó^%×ôÝ=ÑgÚÒ/Ûhzíïý¹öþÏÖÛ¿yª¼Zõ{¯ù$tcî=uË½WõéØäÆö¢KG»õýÆB.!uÍÑ­'å¹'=(rä 3§Êè,19.390173642234075,0.6324174509974602
picsum_color_000.jpg,example_lsb,filtering,gaussian_blur,kernel_size=3,5.5948893229166664e-05,0.007479899279346391,90.65288861053047,0.999999998222052,5.5948893229166664e-05,4.1640889536467815e-07,0.9999999933501311,0.5049019607843137,0.03225806451612903,'0©ò23¿!c<¥jÁ6ÄÛr<¦Y¨PpëböAUN·þ?þ8ãÿ,24.325027123470928,0.8031606061555493
picsum_color_000.jpg,example_lsb,filtering,gaussian_blur,kernel_size=5,5.5948893229166664e-05,0.007479899279346391,90.65288861053047,0.999999998222052,5.5948893229166664e-05,4.1640889536467815e-07,0.9999999933501311,0.5284090909090909,0.07272727272727272,$_iîìx@sC+×¥î¯kó<m`aAÜc/'?æi4Åò4/ðo ~,22.3402182022342,0.671779408173592
picsum_color_000.jpg,example_lsb,filtering,gaussian_blur,kernel_size=7,5.5948893229166664e-05,0.007479899279346391,90.65288861053047,0.999999998222052,5.5948893229166664e-05,4.1640889536467815e-07,0.9999999933501311,0.49722222222222223,0.10714285714285714,>^Éæbo)HÃæÜú3æO{TsÉ.:lBÌXùE>2·2f D*§ñø,21.01226446437125,0.5433933164469685
picsum_color_000.jpg,example_lsb,filtering,median,kernel_size=3,5.5948893229166664e-05,0.007479899279346391,90.65288861053047,0.999999998222052,5.5948893229166664e-05,4.1640889536467815e-07,0.9999999933501311,0.455188679245283,0.0625,"H©kD©&B©Ä¬®Jëi$¹$ìjR,-¹o$²ºI#i³TÚFÜ@ÿ~8àÿþ",22.695796529394947,0.7004985254250284
picsum_color_000.jpg,example_lsb,filtering,median,kernel_size=5,5.5948893229166664e-05,0.007479899279346391,90.65288861053047,0.999999998222052,5.5948893229166664e-05,4.1640889536467815e-07,0.9999999933501311,0.49074074074074076,0.03076923076923077,"H©ÖF­A´Û-Ó*µÕý%jJ+iÄÜvVQ""BrÒÕ·´@ÿãñøàÿÿ",20.249206555697185,0.46187500156498046
picsum_color_000.jpg,example_lsb,geometric,rotation,angle=2.0,5.5948893229166664e-05,0.007479899279346391,90.65288861053047,0.999999998222052,5.5948893229166664e-05,4.1640889536467815e-07,0.9999999933501311,0.32954545454545453,0.0,,12.857097015864285,0.11859381838279513
picsum_color_000.jpg,example_lsb,geometric,rotation,angle=5.0,5.5948893229166664e-05,0.007479899279346391,90.65288861053047,0.999999998222052,5.5948893229166664e-05,4.1640889536467815e-07,0.9999999933501311,0.32954545454545453,0.0,,10.628459245660423,0.08767178911534206
picsum_color_000.jpg,example_lsb,geometric,scaling,scale_factor=1.5,5.5948893229166664e-05,0.007479899279346391,90.65288861053047,0.999999998222052,5.5948893229166664e-05,4.1640889536467815e-07,0.9999999933501311,0.5399305555555556,0.0,"Zh±]JlO.*Kÿècî4§·»4YíÎJm[ªGÃ´î~mÙÿ
ÚZÛÌ§j_ïQ!LtZÇöqr8Òøþÿø",29.469546046999675,0.9466552841549213
picsum_color_000.jpg,example_lsb,geometric,scaling,scale_factor=0.8,5.5948893229166664e-05,0.007479899279346391,90.65288861053047,0.999999998222052,5.5948893229166664e-05,4.1640889536467815e-07,0.9999999933501311,0.49107142857142855,0.03773584905660377,"q»LÐË ÏJfÔbÈqQFðà<Z-+Æì
Hï-GCWð?ãð8àø",25.107771692003602,0.8440357557468161
picsum_color_000.jpg,example_lsb,geometric,cropping,percentage=0.1,5.5948893229166664e-05,0.007479899279346391,90.65288861053047,0.999999998222052,5.5948893229166664e-05,4.1640889536467815e-07,0.9999999933501311,0.46710526315789475,0.04081632653061224,ïÂm<'An<1ärX­VÙ¨UH{nSncÛ­©ÈNÈ,13.470933758093508,0.09673921713684418
picsum_color_001.jpg,example_lsb,none,clean,none,7.756551106770833e-05,0.008807128423482215,89.23411702528468,0.9999998381655902,7.756551106770833e-05,1.0221849834088486e-06,0.9999999879344662,0.0,1.0,SECRET DATA,,
picsum_color_001.jpg,example_lsb,compression,jpeg,quality=95,7.756551106770833e-05,0.008807128423482215,89.23411702528468,0.9999998381655902,7.756551106770833e-05,1.0221849834088486e-06,0.9999999879344662,0.6071428571428571,0.017241379310344827,m¶Ûm¶Ûr8äm¶Ûm¶Ûm¶ÛI$m¶Ûm¶Ûm¶Ûq¶Ûm¶Ûm¶Ûm¶Ûm¶Ûm¶Û6Üm¶Ûm¶Ûm¶Ûm¶Ûm¶Ûm¶Ûm¶Û¶ÛmµTªV¥jµZ­ÈäI$Ûm¶Ûm¶Ûm¶$qp?,47.372959017163375,0.9970733104689437
picsum_color_001.jpg,example_lsb,compression,jpeg,quality=85,7.756551106770833e-05,0.008807128423482215,89.23411702528468,0.9999998381655902,7.756551106770833e-05,1.0221849834088486e-06,0.9999999879344662,0.5757211538461539,0.017391304347826087,m¶Ûm¶Û¸äm¶Ûm¶Ûm¶ÛI$m¶Ûm¶Ûm¶Û8Ûm¶Ûm¶Ûm¶Ûm¶Ûm¶Û9I$I$m¶Ûm¶Ûm¶Ûm¶Ûm¶Û¶ÛmIUjJ¥R¶ª²8ÜI$Ûm¶Ûm¶$I'q~,43.35603061211082,0.9925459628179137
picsum_color_001.jpg,example_lsb,compression,jpeg,quality=70,7.756551106770833e-05,0.008807128423482215,89.23411702528468,0.9999998381655902,7.756551106770833e-05,1.0221849834088486e-06,0.9999999879344662,0.5861650485436893,0.017543859649122806,¶Ûm¶Ûm©Z¶Ûm¶Ûm¶Ûm©$¶Ûm¶Ûm¶ÛmVª­¶Ûm¶Ûm¶Ûm¶Ûm¶ÛmUT­¶Ûm¶Ûm¶Ûm¶Ûm¶Ûmm¶ÛI$I$Jª­J¥RJªªC8ÿÿüm¶Ûm¶Ûm¶$à,42.327963508211425,0.9908577198180835
picsum_color_001.jpg,example_lsb,compression,jpeg,quality=50,7.756551106770833e-05,0.008807128423482215,89.23411702528468,0.9999998381655902,7.756551106770833e-05,1.0221849834088486e-06,0.9999999879344662,0.5814755838641189,0.004149377593360996,m¶Ûm¶Ûn7m¶Ûm¶Ûm¶Ûn7m¶Ûm¶Ûm¶ÛÇm¶Ûm¶Ûm¶Ûm¶Ûm¶Û¶ãm¶Ûm¶Ûm¶Ûm¶Ûm¶Û¶Ûm¶Ûm­¶Ûn7à~ü~?ü~?ÿÿüm¶Ûm¶Ûm¶ØìvÛc¶Ûm¶ÒI$I$I$ÈÞÄìNÄìKÛÚÛm¶ÛmµZ­íÀ*µ7n7n7nIm¶Ûn7m¶Ûm¶Ûm¶Ûm¶Ûm¶Ûm¶Ûm¶Ûm¶Ûm¶Ûn7m¶Ûm¶Ûm¶Ûr9m¶Ûm¶Ûm¶Ûr9m¶Ûm¶Ûm¶ÛFÛm¶Ûm¶Ûm¶Ûm¶Ûm¶Û¸äm¶Ûm¶Ûm¶Ûm¶Ûm¶Û¶Ûm¶Ûm­¶Ûn7~8àp?àp?ÿÿüm¶Ûm¶Ûm¶ØNÄãÛm¶ÒI$I$I$7ÇÄìKÛÚÛm¶Ûmµ*íÎ-©9nG#r9qÉm¶Ûn7m¶Ûm¶Ûm¶Ûm¶Ûm¶Ûm¶Ûm¶Ûm¶Ûm¶Ûn7m¶ÛI$I$¸Üm¶Ûm¶Ûm¶Û¸ÜI$I$I$·$I$I$I$I$m¶Ûr7I$I$m¶ÛI$I$I$¶ÛmRI$n7UZªJÕjñø,33.329081521946954,0.9397665676824847
picsum_color_001.jpg,example_lsb,compression,jpeg,quality=30,7.756551106770833e-05,0.008807128423482215,89.23411702528468,0.9999998381655902,7.756551106770833e-05,1.0221849834088486e-06,0.9999999879344662,0.586764705882353,0.0,Ûm¶Ûm¶Ûm¶Ûm¶Ûm¶Ûm¶Ûm¶Ûm¶Ûm¶Ûm¶ÛlqÛm¶Ûm¶Ûm¶Ûm¶$IÛm¶$I$I$IÛm¶Ûm¶Ûm¶Ûm¶Ûm¶Ûm¶Ûm¶Ûm´,31.893405824622185,0.9146367285085307
picsum_color_001.jpg,example_lsb,compression,webp,quality=95,7.756551106770833e-05,0.008807128423482215,89.23411702528468,0.9999998381655902,7.756551106770833e-05,1.0221849834088486e-06,0.9999999879344662,0.657608695652174,0.0,ÿÿÿÿÿÿm¶äm¶Ûm¶Ûm¶ÛÿöÛm¶Ûm¶Ûm¶Û¶àm¶Ûm¶Ûm¶Ûm¶Ûm¶Ûî6Ûm¶Ûm¶Ûm¶Ûm¶Ûm¶Ûm¶Û,43.74482257127943,0.990682745978526
picsum_color_001.jpg,example_lsb,compression,webp,quality=85,7.756551106770833e-05,0.008807128423482215,89.23411702528468,0.9999998381655902,7.756551106770833e-05,1.0221849834088486e-06,0.9999999879344662,0.6105072463768116,0.0,ÿÿÿÿÿÿÿù$m¶Ûm¶Ûm¶ÛÿÿÿI$I$I$mÀÛm¶Ûm¶Ûm¶Ûm¶Ûm¶ÛFßI$m¶Ûm¶Ûm¶Ûm¶Ûm¶Û,39.014061143241705,0.9763404694535108
picsum_color_001.jpg,example_lsb,noise,gaussian,mean=0.0_var=0.01,7.756551106770833e-05,0.008807128423482215,89.23411702528468,0.9999998381655902,7.756551106770833e-05,1.0221849834088486e-06,0.9999999879344662,0.4617117117117117,0.02575107296137339,"åÖ@çc,6a*Z/""W»I-]A}oUâæ¶-^ÀÉóþªCWQmu	 /""ò (J±E-\a+ûf©A¤µ0g?sÞ*üìÀj­ÎóºkgZ¸g=gdÈ¡Òô	Î+ï+Ñ	&¤·I§S¸yÊe}èäñXo¤ãS¬º¦ïÊM<æácK,î.@À.`tÉ[À¹¯. jÁ%3Âa¨0¯90@<	Y,""4dÂaÚ7ÊD",20.359688383814873,0.3224188751969737
picsum_color_001.jpg,example_lsb,noise,gaussian,mean=0.0_var=0.05,7.756551106770833e-05,0.008807128423482215,89.23411702528468,0.9999998381655902,7.756551106770833e-05,1.0221849834088486e-06,0.9999999879344662,0.4107142857142857,0.08695652173913043,"÷qð'H8(zØì
AÅÓÊ@è®
ôÒÞÎA",14.393393459971698,0.14750230737460948
picsum_color_001.jpg,example_lsb,noise,salt_pepper,amount=0.05,7.756551106770833e-05,0.008807128423482215,89.23411702528468,0.9999998381655902,7.756551106770833e-05,1.0221849834088486e-06,0.9999999879344662,0.056818181818181816,0.5454545454545454,[ACRAP DQTA,17.970804200064784,0.5179377205137202
picsum_color_001.jpg,example_lsb,noise,speckle,var=0.04,7.756551106770833e-05,0.008807128423482215,89.23411702528468,0.9999998381655902,7.756551106770833e-05,1.0221849834088486e-06,0.9999999879344662,0.49557522123893805,0.008438818565400843,",é[:iÓýv¥!D¨NT¦OèZLAÖ¿³äØùüY57&Ò+ºz|´±¨©eQ5´}ÐÖMôzÚðÁ?uãâñÖoäHî{# ë	*J BÐ¦ÑñïïRøìd3'Ñ)zféôÝ²ñ9èØncØÂ*¼ÔüäàLî®ª*¢&OÉþ¨»,±s8J¼ÌÂkÿám@*jÊ¡¦Ýt6²G8Uð?^'ì¡BZíð½°1±#mó£e£ßp",23.03572493827824,0.5717762401602314
picsum_color_001.jpg,example_lsb,filtering,gaussian_blur,kernel_size=3,7.756551106770833e-05,0.008807128423482215,89.23411702528468,0.9999998381655902,7.756551106770833e-05,1.0221849834088486e-06,0.9999999879344662,0.5988095238095238,0.0,o¶Ûo¶ØøÀm¶Ûm¶Ûm¶ÛI$m¶Ûm¶Ûm¶Û¹m¶Ûm¶Ûm¶Ûm¶Üm¶ÜnHÛm¶Ûm¶Üm¶Ûm¶Ûm¶Ûm¶Üm¶Û¶ÛmIUm¶¥jµZªqÈäI$ûm±Ûm¶Ûm¶Øqþ8,34.89617167111125,0.972011242212984
picsum_color_001.jpg,example_lsb,filtering,gaussian_blur,kernel_size=5,7.756551106770833e-05,0.008807128423482215,89.23411702528468,0.9999998381655902,7.756551106770833e-05,1.0221849834088486e-06,0.9999999879344662,0.5961538461538461,0.0,m¶Ûm¶ØØÀm¶Ûm¶Ûm¶ÛI$m¶Ûm¶Ûm¶ÛqÇ$q¶Ûm¶Ûm¶Ûm¶Ü¶ÜÉm¶Ûm¶Ü¶Ûm¶Ûm¶Ûm¶Ü¶Û¶ÛmJÕm¶¥jµZ³]ÈäI%ûm±;m¶Ûm¶Øq,31.751155984652225,0.9431753426504486
picsum_color_001.jpg,example_lsb,filtering,gaussian_blur,kernel_size=7,7.756551106770833e-05,0.008807128423482215,89.23411702528468,0.9999998381655902,7.756551106770833e-05,1.0221849834088486e-06,0.9999999879344662,0.5983009708737864,0.017543859649122806,"m¶Ûm¶ÛÈÚm¶Ûm¶Ûm¶ÛI#m¶Ûm¶Ûm¶ÛqÆÛr6Ûm¶Ûm¶Ûm¶Ü¶Ü¹#m¶Ûm¶Ü¶Ûm¶Ûm¶Ûm¶Ü¶Û¶ÛmJÕm¶¥jIT±ÆäI%ûm±;m¶Ûm¶Ûu@",29.262654017650966,0.9010959454092423
picsum_color_001.jpg,example_lsb,filtering,median,kernel_size=3,7.756551106770833e-05,0.008807128423482215,89.23411702528468,0.9999998381655902,7.756551106770833e-05,1.0221849834088486e-06,0.9999999879344662,0.5785714285714286,0.017241379310344827,K&Ûj&Ø8Àlm¶Ûm¶ÛI$m¶Ûm¶Ûm¶ÛFãm¶Ûm¶Ûm¶Ûm¶Ûm¶ÛmÆÛm¶Ûm¶Ûm¶Ûm¶Ûm¶Ûm¶Ûm¶Û¶ÛmIT­¶¥jµ*­¸äI$Ûm¶Ûm¶Ûm¶Äqð8,34.639012632751495,0.965286291844501
picsum_color_001.jpg,example_lsb,filtering,median,kernel_size=5,7.756551106770833e-05,0.008807128423482215,89.23411702528468,0.9999998381655902,7.756551106770833e-05,1.0221849834088486e-06,0.9999999879344662,0.38636363636363635,0.0,I6Ûm6Ð,29.792800786010353,0.9011112515806103
picsum_color_001.jpg,example_lsb,geometric,rotation,angle=2.0,7.756551106770833e-05,0.008807128423482215,89.23411702528468,0.9999998381655902,7.756551106770833e-05,1.0221849834088486e-06,0.9999999879344662,0.32954545454545453,0.0,,16.121404858781933,0.47690170051130515
picsum_color_001.jpg,example_lsb,geometric,rotation,angle=5.0,7.756551106770833e-05,0.008807128423482215,89.23411702528468,0.9999998381655902,7.756551106770833e-05,1.0221849834088486e-06,0.9999999879344662,0.32954545454545453,0.0,,13.682607586872646,0.3486327651011689
picsum_color_001.jpg,example_lsb,geometric,scaling,scale_factor=1.5,7.756551106770833e-05,0.008807128423482215,89.23411702528468,0.9999998381655902,7.756551106770833e-05,1.0221849834088486e-06,0.9999999879344662,0.33088235294117646,0.07142857142857142,"Bi 4$
,A((",40.34824382732278,0.9920665286430026
picsum_color_001.jpg,example_lsb,geometric,scaling,scale_factor=0.8,7.756551106770833e-05,0.008807128423482215,89.23411702528468,0.9999998381655902,7.756551106770833e-05,1.0221849834088486e-06,0.9999999879344662,0.59375,0.021052631578947368,R* äLª¶Ûm¶äHÛm¶Ûm¶ÛÆÛm¶Ûm¶Ûm¶Ûm¶Ã¸Ûm¶Ûq¶Ûm¶Ûm¶Ûm¶ÛvÛmª¤ªÛR¶¸ãI%Ûm¶Ûm¶Ûq#ÿ,35.711061438342995,0.9769149949279315
picsum_color_001.jpg,example_lsb,geometric,cropping,percentage=0.1,7.756551106770833e-05,0.008807128423482215,89.23411702528468,0.9999998381655902,7.756551106770833e-05,1.0221849834088486e-06,0.9999999879344662,0.5189393939393939,0.025974025974025976,"¶Ûm¶Ú!3AòtqÕåqUþ
D)¤I$I%ÿÿÉ¶ÖÛ$nHÜH¤\\m¿iÖç2¾ý*]ý_»FlGk®8",11.82815655724108,0.3346629970462888
picsum_color_002.jpg,example_lsb,none,clean,none,5.8492024739583336e-05,0.007648007893535632,90.4598370585766,0.9999999902500821,5.8492024739583336e-05,4.814818067336843e-07,0.9999999922310296,0.0,1.0,SECRET DATA,,
picsum_color_002.jpg,example_lsb,compression,jpeg,quality=95,5.8492024739583336e-05,0.007648007893535632,90.4598370585766,0.9999999902500821,5.8492024739583336e-05,4.814818067336843e-07,0.9999999922310296,0.48161764705882354,0.05063291139240506,"T6WüüXæÀl5VÜmÉ4mºö$º*þÔiÊ¼ÒF6ÿ25xç\ÄêÒ0*TáÇlíI£I1%¸é¸",47.79219926093938,0.9972610348727967
picsum_color_002.jpg,example_lsb,compression,jpeg,quality=85,5.8492024739583336e-05,0.007648007893535632,90.4598370585766,0.9999999902500821,5.8492024739583336e-05,4.814818067336843e-07,0.9999999922310296,0.46143617021276595,0.01904761904761905,¶LIU|lípÿÍ¸äm²K69)<4;]|-uâ*2ãI³i4G³@$ãT*ÇfÀµ1Uq#©96&9³°Ý´GS (öÜdoô­I.$í±Îl,43.761786650266046,0.9931996430516516
picsum_color_002.jpg,example_lsb,compression,jpeg,quality=70,5.8492024739583336e-05,0.007648007893535632,90.4598370585766,0.9999999902500821,5.8492024739583336e-05,4.814818067336843e-07,0.9999999922310296,0.5340909090909091,0.045454545454545456,"p¹$Tp±¿}Û1ÆÛl´°fXù+s>UÑÀ1ÏÜ",42.62566744327708,0.9915534087570427
picsum_color_002.jpg,example_lsb,compression,jpeg,quality=50,5.8492024739583336e-05,0.007648007893535632,90.4598370585766,0.9999999902500821,5.8492024739583336e-05,4.814818067336843e-07,0.9999999922310296,0.49193548387096775,0.0273972602739726,"
cJÙÇ%ÿ9Ñ±²8ãr9K²¤6¥×Û""!ÖY¤]ñKU´yóaêáÀ;ÛcªLTXïú:þ",34.13975663400589,0.9465744799020076
picsum_color_002.jpg,example_lsb,compression,jpeg,quality=30,5.8492024739583336e-05,0.007648007893535632,90.4598370585766,0.9999999902500821,5.8492024739583336e-05,4.814818067336843e-07,0.9999999922310296,0.49166666666666664,0.03571428571428571,"ÈÛÉUTµ+WêÚ­¶Ûo,øäÄ»ÂKÕã}ºCøäÈÆI	",32.73735333984526,0.925977502809991
picsum_color_002.jpg,example_lsb,compression,webp,quality=95,5.8492024739583336e-05,0.007648007893535632,90.4598370585766,0.9999999902500821,5.8492024739583336e-05,4.814818067336843e-07,0.9999999922310296,0.4982876712328767,0.023809523809523808,"à¸ÿÅÎþ<É=G&6ÄI'î#lé/7LÀ]Pà*I¹Ìùñ=öV¡ÅqÀ¦,à·ÌwxÌr7Û|UAà",43.304806699399016,0.9901540105005057
picsum_color_002.jpg,example_lsb,compression,webp,quality=85,5.8492024739583336e-05,0.007648007893535632,90.4598370585766,0.9999999902500821,5.8492024739583336e-05,4.814818067336843e-07,0.9999999922310296,0.484375,0.03389830508474576,"[Õþ=Cwì1^ÇI$·ys:æ	®E[`ô«®""öãÎ*Þª",39.05174086869463,0.9765162983490635
picsum_color_002.jpg,example_lsb,noise,gaussian,mean=0.0_var=0.01,5.8492024739583336e-05,0.007648007893535632,90.4598370585766,0.9999999902500821,5.8492024739583336e-05,4.814818067336843e-07,0.9999999922310296,0.5262605042016807,0.046153846153846156,"ÇÕùÏ;s³~ä`áíyóÏÏÚ_ÙZ=xÑ|u.*ÉÎÊÂB! ¥«2§^~áçÁKû0ëR3ßÏÙ D~ÎÝk/3wüuýÀ0Ôktsën×Ë»ÂòØå|vÁ·ÿÑ<r
",20.19073188780283,0.36896175757698174
picsum_color_002.jpg,example_lsb,noise,gaussian,mean=0.0_var=0.05,5.8492024739583336e-05,0.007648007893535632,90.4598370585766,0.9999999902500821,5.8492024739583336e-05,4.814818067336843e-07,0.9999999922310296,0.5763157894736842,0.03773584905660377,"¹ ¼ÿû.í½WNï}­äõÕa}ãwúÝKÒAÏó7×ùÐþ\ßgYöO·;z«º¶J×À0÷a½ñ>³ö·ù¬ý´½§wwüÐø·;$Gj",13.91928709335435,0.15109369271321763
picsum_color_002.jpg,example_lsb,noise,salt_pepper,amount=0.05,5.8492024739583336e-05,0.007648007893535632,90.4598370585766,0.9999999902500821,5.8492024739583336e-05,4.814818067336843e-07,0.9999999922310296,0.03409090909090909,0.7272727272727273,SMCRED LATA,18.33229914473562,0.5340506176106579
picsum_color_002.jpg,example_lsb,noise,speckle,var=0.04,5.8492024739583336e-05,0.007648007893535632,90.4598370585766,0.9999999902500821,5.8492024739583336e-05,4.814818067336843e-07,0.9999999922310296,0.5433142559833507,0.0102880658436214,"øn¹¯>x¬cí\ü÷ÏîzãóÝ5ZÀß¹gÅ$ÇgÜ¥¡mmlvYÂÁuãR¹ùkÙ<·zê| süCú}«øf)ÔæO¥«À{ «¬nÔ®ýähZË~W(O;àlx%Å}"";´¤ÐÇúK¯~JëÞ""Bpõd£h9lâÏaa×!íÓåK÷Ôþýõþî??ÛÙ×ÿ¨ª}ÖS¨½³É§sÈÅü\ñ'ó¨¼©Ü¯ßh.{ïç¿þÂì­Úz-KKöX|É(:Gù^ñ±{dºNDÖ¿ùÞ«ªj{ÿ¥Ûß½ëbøj°Ï 9BïÛýçYÖÃ¼Íé&Q8¼¼CØ§ðñ½HîùÔXB=¶,3º¸÷W%Øá$ð­Û].Îìóm	µ¦¤2UEïÞ?òæþ_þÿóÁô{û%Ö5÷UÚªÃ·:Gõ{òõÖOdÙ(íûàÎþþ7¨""cáÆÙ­iÕæÕÿêÊZ&¹¹8ÕWý¬*¼ëNÖ²´+Õè;ìÖ{Àvcq`'ùIÃòÏÝBÆ~¢Ú-ÚJTc`ÿ{ùô±û7dyÐé»G»{Ù>øsÿÚd¤¶GÝIm¿ùù@Þ%ÜûÒ©õ""ç}Ûþeý~îåôýöô¸{¡¢5NwYÞ¼_çtLÓDÈ¢ñÊßäÃûûÕþø£³{6z??w/YvMu«,×$rÌ?}ZCz,Bè/M~|ÀT~wvl,¼ÝkgÿSõ¬¨a¶;^Æëì2æsËMâ©Cõ¦µb7UYÕÌè;«²=íÌðÊ80<fn!òzf-¥ðÁ÷I£õúÆÈ¸²}|:YGgàÆÝ7ûíªÝú×Ì/Æ{íÏ]/ÀÑÊùdJû5²±\è¼Ó½=!ª¼ç;ï¯e_wÜÞ»½æiÉw	Ë3ÔØU7ß«ÌÑñç	ì¦éä@±@¼§HË!Jî)~ûs9» l~±@Ð:·zÃHînîSªÀ¾æm5AåÝl 3ÜbÙI}b¡®è¾ùEæêE¼©@ê¶O¡OÎÐØ 2K×ÈÑX~2Ìõ(ÿÔO|½¿÷ÓÏ_ê ýöùãàÚàþ
ñÞmF7þD*",20.133191813206576,0.4422268797056885
picsum_color_002.jpg,example_lsb,filtering,gaussian_blur,kernel_size=3,5.8492024739583336e-05,0.007648007893535632,90.4598370585766,0.9999999902500821,5.8492024739583336e-05,4.814818067336843e-07,0.9999999922310296,0.5016968325791855,0.02207505518763797,"ÖÁF|-&»èàä- FÚ¸Àr}""Ü-½­%|¯ÕÏ·*J&VÑdî¢ícr¨2oê*ìçùaÃ)°ÇÚ¬ %SxiRþ÷;Råeÿhâ¬sÈ;6>Äâq8RçýØ8æÝ	þeøç×Èî]#ñEt±·$ÆÜqÈã6ú.O9Ç$kÓYëÅ> 0'Öÿm;¿à³Ïú%ð-_""8øñ/8%´ÓH2?H¸d×L6R!N8¹à¶PT±> Ñ©}ÖÎ<ÇÙ©ahµ3À.nïýÍô¦äê°M>c±t§Üµ>l>ä©­çH9/íuB?ÿ]~}Bíâq8¶§âßãôåâ6±âxç¾ßÇcmgÀïÉñ¼F]ù9±Æãm¸ÜÆÛn73 v99Ç1«D|ÛHéÃÒi)x%\TiLP!ÜÄÎËÚÍðóì¸þ/Y5¥°äqú[(%qCFR[±6òü=8¿AvsUaü""g*2q[d±áÛ",37.921232725177134,0.9849511677484181
picsum_color_002.jpg,example_lsb,filtering,gaussian_blur,kernel_size=5,5.8492024739583336e-05,0.007648007893535632,90.4598370585766,0.9999999902500821,5.8492024739583336e-05,4.814818067336843e-07,0.9999999922310296,0.4838709677419355,0.047619047619047616,ÉÏcñR#>jÿìgià¶Ò1ÑÇjÃÝøåCµ-,34.54546186947142,0.9684498185774549
picsum_color_002.jpg,example_lsb,filtering,gaussian_blur,kernel_size=7,5.8492024739583336e-05,0.007648007893535632,90.4598370585766,0.9999999902500821,5.8492024739583336e-05,4.814818067336843e-07,0.9999999922310296,0.5134615384615384,0.05263157894736842,"hL¬tæµ³òDÁøü²8Þ5¿)rA	LõºòÉV(WÖÞé#b:5ÐôÀÚí¿}*N¦:]",31.703266216880017,0.9411291626190869
picsum_color_002.jpg,example_lsb,filtering,median,kernel_size=3,5.8492024739583336e-05,0.007648007893535632,90.4598370585766,0.9999999902500821,5.8492024739583336e-05,4.814818067336843e-07,0.9999999922310296,0.32954545454545453,0.18181818181818182,"³eS
H«ÄGA",37.62383658313556,0.9817184528494741
picsum_color_002.jpg,example_lsb,filtering,median,kernel_size=5,5.8492024739583336e-05,0.007648007893535632,90.4598370585766,0.9999999902500821,5.8492024739583336e-05,4.814818067336843e-07,0.9999999922310296,0.4318181818181818,0.06060606060606061,"etcÉ B
¡>µÃ`	T¶Vó",32.45857521678191,0.9440525607655686
picsum_color_002.jpg,example_lsb,geometric,rotation,angle=2.0,5.8492024739583336e-05,0.007648007893535632,90.4598370585766,0.9999999902500821,5.8492024739583336e-05,4.814818067336843e-07,0.9999999922310296,0.32954545454545453,0.0,,13.019437432769884,0.37588378696029356
picsum_color_002.jpg,example_lsb,geometric,rotation,angle=5.0,5.8492024739583336e-05,0.007648007893535632,90.4598370585766,0.9999999902500821,5.8492024739583336e-05,4.814818067336843e-07,0.9999999922310296,0.32954545454545453,0.0,,9.74577663029273,0.20285729791160714
picsum_color_002.jpg,example_lsb,geometric,scaling,scale_factor=1.5,5.8492024739583336e-05,0.007648007893535632,90.4598370585766,0.9999999902500821,5.8492024739583336e-05,4.814818067336843e-07,0.9999999922310296,0.4934593023255814,0.03278688524590164,"]ÞÌ]ÃãJìêoã¬®Q%[vûrI-ÏoèÊÌ&»¤Ñ7uÉ3dÎívOR5Gv*Þ9©1Ãñ 4mÖ­À4xÛn¦ðØ·4D¦à§·G'Îé¬lCEoàwªmäª²¡¾×ÈjHNÞsåK%B}+gÇÛbCåÒpAi
ÆÔÉÜvÄâe_¶NeÓGK$N8JÖÀ	V(T",43.340498184253136,0.9954914341064223
picsum_color_002.jpg,example_lsb,geometric,scaling,scale_factor=0.8,5.8492024739583336e-05,0.007648007893535632,90.4598370585766,0.9999999902500821,5.8492024739583336e-05,4.814818067336843e-07,0.9999999922310296,0.5,0.02247191011235955,"ÿ ìûés´ÜÚà~I|ÒxëEN³qÕd2ü[j_Ô­54gë¤AÂ$­q.ò¡³b^¢=7I,¡r«ÚHIÃc¥_{'°Ð;êcó×ÿâìiÕ¸ûÎÔHÛrøÇFí|7ÿÜl·Ë 1þÏíÏ«G¶ë05""ãHÜdcþ½ÍríDîør@",38.69137996564307,0.9874284167115657
picsum_color_002.jpg,example_lsb,geometric,cropping,percentage=0.1,5.8492024739583336e-05,0.007648007893535632,90.4598370585766,0.9999999902500821,5.8492024739583336e-05,4.814818067336843e-07,0.9999999922310296,0.5192307692307693,0.02631578947368421,þ7!ÇmÇü HýWÕR1}1ãéÝ\pµ-¾èsøüÞ`Ë®§änchã¨íÿ@ÉE c#õ¶.1¥#,11.765626103427254,0.23112572537793308
picsum_color_003.jpg,example_lsb,none,clean,none,6.357828776041667e-05,0.007973599423122325,90.09771533203215,0.9999998691280364,6.357828776041667e-05,5.462074755768516e-07,0.9999999945085469,0.0,1.0,SECRET DATA,,
picsum_color_003.jpg,example_lsb,compression,jpeg,quality=95,6.357828776041667e-05,0.007973599423122325,90.09771533203215,0.9999998691280364,6.357828776041667e-05,5.462074755768516e-07,0.9999999945085469,0.47619047619047616,0.0,"m¶ÛI'
Ô­$$7$m¶Û$èÛ",52.88704882405134,0.9990780938839287
picsum_color_003.jpg,example_lsb,compression,jpeg,quality=85,6.357828776041667e-05,0.007973599423122325,90.09771533203215,0.9999998691280364,6.357828776041667e-05,5.462074755768516e-07,0.9999999945085469,0.5357142857142857,0.0,m¶ÛI'ö¤­$ÛFäm¶Û$í,45.95728236503203,0.9962347026027273
picsum_color_003.jpg,example_lsb,compression,jpeg,quality=70,6.357828776041667e-05,0.007973599423122325,90.09771533203215,0.9999998691280364,6.357828776041667e-05,5.462074755768516e-07,0.9999999945085469,0.5375,0.0,m¶Ûm·'öÔ¿%¶Û·$I$$,43.352079815289784,0.9932916881472206
picsum_color_003.jpg,example_lsb,compression,jpeg,quality=50,6.357828776041667e-05,0.007973599423122325,90.09771533203215,0.9999998691280364,6.357828776041667e-05,5.462074755768516e-07,0.9999999945085469,0.5583745874587459,0.0010967918837400603,$I'*¥RI$n7m¶ÙJ¥Iom²MÿÿÿöÛm¶Ûm»m¶ÛmµÑÈäI$Ûm¶ÄìNÛm¶Ûm¶¶Ûm¶Ûm¶Ûm¶ÛoÛm¶Ûm¶Ûm¶Ûm¶Ûm¶Ûm¶ØìvÛm¶Ûm¶Ûm¶Ûm¶ØìvÛm¶'qÛm¶Ûm¶Ûm¶ØìtZ­¶ÛmµZ­µZ­µZ­µZ®ÒI$ÈäÇc¶Ûm¶Ûm¶ØìvÛm¶ÄìNÛm¶Ûm¶ØìvÛm¶Ûm¶Ûm´»m¶Øìv$I'c±*¥RI$n7m¶ÙJ¥Ioc£m²MÿÿÿöÛm¶Ûm»m¶ÛmµÑÈäI$Ûm¶ÇÛm¶Ûm¶¶Ûm¶Ûm¶Ûm¶ÛoÛm¶Ûm¶Ûm¶Ûm¶Ûm¶Ûm¶ØìvÛm¶Ûm¶Ûm¶Ûm¶ØNÛm¶'Ûm¶Ûm¶Ûm¶ØìtZ­¶ÛmµZ­µZ­µZ­µZ®ÒI$ÈäÇc¶Ûm¶Ûm¶ØNÛm¶8ìqÛm¶Ûm¶ØNÛm¶Ûm¶Ûm´»m¶Øìv$IÄâv*¥RI$n7I&J¥Iâdm²MÿÿÿöÛm¶Ûm»m¶$JÑÈäm¶Û$IÇÛm¶$II$¶ÛmI$I$$I$I$I$IÛm¶$IØìv$I$I$I$I;Ûm¶;±$I$I$IØìtZ­I$µZ­µZ­µZ­µZ®ÒI$ÈäÇc¶Ûm¶Ûm¶;$I8ìq$IÛm¶;Ûm¶Ûm¶Ûm´DIØìv$I;*¥RI$n7m¶ÙJ¥Ism²MÿÿÿöÛm¶Ûm»m¶ÛmµÑÈäI$Ûm¶8ìqÛm¶Ûm¶¶Ûm¶Ûm¶Ûm¶ÛoÛm¶Ûm¶Ûm¶Ûm¶Ûm¶Ûm¶ØìvÛm¶Ûm¶Ûm¶Ûm¶ÄâvÛm¶ÛlIÛm¶Ûm¶Ûm¶ØìtZ­¶ÛmµZ­µZ­µZ­µZ®ÒI$ÈäÇc¶Ûm¶Ûm¶ÄâvÛm¶ÇÛm¶Ûm¶ÄâvÛm¶Ûm¶Ûm´»m¶Øìv$I'c±*¥RI$n7m¶ÙJ¥Ioc£m²MÿÿÿöÛm¶ÛmÛm¶ÛmÑÈäI$Ûm¶ÇÛm¶Ûm¶¶Ûm¶Ûm¶Ûm¶ÛoÛm¶Ûm¶Ûm¶Ûm¶Ûm¶Ûm¶ØìvÛm¶Ûm¶Ûm¶Ûm¶ØNÛm¶$í¶Ûm¶Ûm¶Ûm¶ØìtZ­¶ÛmµZ­µZ­µZ­µZ®ÒI$ÈäÇc¶Ûm¶Ûm¶ØNÛm¶8ìqÛm¶Ûm¶ØNÛm¶Ûm¶Ûm´¶ÛmµZ­$IØN*¥RI$n7I&J¥I\m²MÿÿÿöÛm¶ÛmÛmI$ÑÈäm¶Û$I8ìqÛm¶$II$¶ÛmI$I$$I$I$I$IÛm¶$IØìv$I$I$I$I'c±Ûm¶;±$I$I$IØìtZ­I$µZ­µZ­µZ­µZ®ÒI$ÈäÇc¶Ûm¶Ûm¶'c±$IÇ$IÛm¶'c±Ûm¶Ûm¶Ûm¶i$µZ­$I;*¥RI$n7m¶ÙJ¥Ism²MÿÿÿöÛm¶ÛmÒI$I&ÑÈäI$Ûm¶8ìqÛm¶Ûm¶¶Ûm¶Ûm¶Ûm¶ÛoÛm¶Ûm¶Ûm¶Ûm¶Ûm¶Ûm¶ØìvÛm¶Ûm¶Ûm¶Ûm¶ÄâvÛm¶'cÛm¶Ûm¶Ûm¶ØìtZ­¶ÛmµZ­µZ­µZ­µZ®ÒI$ÈäÇc¶Ûm¶Ûm¶ÄâvÛm¶ÇÛm¶Ûm¶ÄâvÛm¶Ûm¶Ûm¶I$Èä$I'*¥RI$n7m¶ÙJ¥Iom²MÿÿÿöÛm¶ÛmÚi¦i¦ÑÈäI$Ûm¶ÄìNÛm¶Ûm¶¶Ûm¶Ûm¶Ûm¶ÛoÛm¶Ûm¶Ûm¶Ûm¶Ûm¶Ûm¶ØìvÛm¶Ûm¶Ûm¶Ûm¶ØìvÛm¶8ãÛm¶Ûm¶Ûm¶ØìtZ­¶ÛmµZ­µZ­µZ­µZ®ÒI$ÈäÇc¶Ûm¶Ûm¶ØìvÛm¶ÄìNÛm¶Ûm¶ØìvÛm¶Ûm¶Ûm¶Úi¦èf$I')$J¥Rq¸Ûn7J¥Il[n3ÿÿÿöÛm©Z·]u×]vÒI$I$ØìvÛm¶Ûm¶Ûm¶µZ­¶Ûm¶Ûm¶ÛoÛm¶Ûm¶Ûm¶Ûm¶;cØìvØìvØìvÛm¶Ûm¶Ûm¶Ûm¶Ûm¶Ûm¶Ûm¶Ûm¶ØìvÛm´ÛmµZ­µZ­¶Ûm¶Ûm¶ÛnÑÈäI$ÄìNÛm¶Ûm¶Ûm¶ØìvÛm¶ØìvÄìNÛm¶Ûm¶Ûm¶ØìvÔÜµÔÜµ$I')$J¥Rq¸Ûn7J¥Il[n3ÿÿÿöÛmª¥U¶Ûm¶ÛmÒI$I$ØìvÛm¶Ûm¶Ûm¶µZ­¶Ûm¶Ûm¶ÛoÛm¶Ûm¶Ûm¶Ûm¶$íØìvØìvØNÛm¶Ûm¶Ûm¶Ûm¶Ûm¶Ûm¶Ûm¶Ûm¶ØìvÛm´ÛmµZ­µZ­¶Ûm¶Ûm¶ÛnÑÈäI$ÇÛm¶Ûm¶Ûm¶ØìvÛm¶Øìv8ìqÛm¶Ûm¶Ûm¶ØìvµZ­µZ­Ûm¶')$J¥Rq¸Ûn7J¥Il[n3ÿÿÿ	$ª¥U¶ÛmI$-¶Ûm¶ÛØìv$IÛm¶$IµZ­I$I$I$$I$I$I$IÛ¶ØìvØìv;$I$I$I$I$I$I$I$IØìv$Ki$µZ­µZ­I$I$I$ÑÈäI$ÇÛm¶Ûm¶Ûm¶Øìv$IØìv8ìq$I$I$IØìvµZ­µZ­$I')$J¥Rq¸Ûn7J¥Il[n3ÿÿÿöÛmUZª¶Ûm¶Ûo²I$I$ØìvÛm¶Ûm¶Ûm¶µZ­¶Ûm¶Ûm¶ÛoÛm¶Ûm¶Ûm¶Ûm¶'qØìvØìvÄâvÛm¶Ûm¶Ûm¶Ûm¶Ûm¶Ûm¶Ûm¶Ûm¶ØìvÛm´ÛmµZ­µZ­¶Ûm¶Ûm¶ÛnÑÈäI$8ìqÛm¶Ûm¶Ûm¶ØìvÛm¶ØìvÇÛm¶Ûm¶Ûm¶ØìuµZ­µZ­$I')$J¥Rq¸Ûn7J¥Il[n3ÿÿÿöÛmª¥UÛm¶Ûm·²I$I$ØìvÛm¶Ûm¶Ûm¶µZ­¶Ûm¶Ûm¶ÛoÛm¶Ûm¶Ûm¶Ûm¶8ãØìvØìvØNÛm¶Ûm¶Ûm¶Ûm¶Ûm¶Ûm¶Ûm¶Ûm¶ØìvÛm´ÛmµZ­µZ­¶Ûm¶Ûm¶ÛnÑÈäI$ÇÛm¶Ûm¶Ûm¶ØìvÛm¶Øìv8ìqÛm¶Ûm¶Ûm¶Øìu¸ìvØìvÛm¶')$J¥Rq¸Ûn7J¥Il[n3ÿÿÿ	$UZªÛm¶$HM¶Ûm¶ÛØìv$IÛm¶$IµZ­I$I$I$$I$I$I$IÛ¶ØìvØìv'c±$I$I$I$I$I$I$I$IØìv$Ki$µZ­µZ­I$I$I$ÑÈäI$8ìqÛm¶Ûm¶Ûm¶Øìv$IØìvÇ$I$I$IØìu¸ìvØìv$I')$J¥Rq¸Ûn7J¥Il[n3ÿÿÿöÛmUZªÛm¶Ûm·²I$I$ØìvÛm¶Ûm¶Ûm¶µZ­¶Ûm¶Ûm¶ÛoÛm¶Ûm¶Ûm¶Ûm¶'lIØìvØìvÄâvÛm¶Ûm¶Ûm¶Ûm¶Ûm¶Ûm¶Ûm¶Ûm¶ØìvÛm´ÛmµZ­µZ­¶Ûm¶Ûm¶ÛnÑÈäI$8ìqÛm¶Ûm¶Ûm¶ØìvÛm¶ØìvÇÛm¶Ûm¶Ûm¶Øìu¸ìvØìv$I'(¢+#Iq¸Ûn7*£`[n3·ÿÿ¶Ûm©ZÛm¶Ûmµ³M4ÓM6ØìvÛm¶Ûm¶Ûm¶Ùjnºë®ºë®ºë­I$I$I$I$n9#ÈäÈäÈäI$I$I$I$I$I$I$I$ÌôÓM4ºë®¹jm¸ìvÛmµºë®ºë®ÐÌôÓM6ÄìNÛm¶Ûm¶Ûm¶ÈäI$ÈäÈÞÕUUUUU×]uÔÜµºäVZäV8I$KeYe[n7m¶ÛÀI'$IÛm¶Ûm¶Ûm¶Øìu»m¶Ûm¶ØìvÛm¶I$I$Ùèfi¦i¦i¦Ûm¶ØìvÛm¶Ûm¶Ûm¶Ûm¶Ûm¶Ûm¶Ûm¶'±Ûm¶Ûm¶ÛÄìNÛm¶ØìvÚi¦i¦i¦i¦m¶Ûm´ÏC4ÓM4ØìvØìvÛm¶Ûm¶ØìvÛm´¶ÛmµZ­µZ­µZ¬eYeY¾ûï¾ûï'$I8I$Km¶Ûm¶Ûn7m¶Û'$I'$I[m¶Ûm¶Ûm¶Øìu»m¶Ûm¶ØìvÛm¶I$I$ØìvÛm¶Ûm¶Ûm¶Ûm¶ØìvÛm¶Ûm¶Ûm¶Ûm¶Ûm¶Ûm¶Ûm¶Øã±Ûm¶Ûm¶ÛÇÛm¶ÄâvÛm¶Ûm¶Ûm¶Ûm¶ÖÛm¶ÛnÎG$I$ØìvØìvÛm¶Ûm¶ØìvÛm´DIØìvØìvØìudI$Iÿÿÿÿÿÿ'$I8IÛm´I$m¶Ûn7m¶Û'$I'$I[m¶$I$IØìu»m¶Ûm¶ØìvÛm¶I$I$Øìv$I$IÛm¶$IØìv$I$I$I$I$I$I$I'c¶Ûm¶$IÛÇ$I'c±$I$I$I$I)$I$ÎG$m¶ÛØìvØìvÛm¶$IØìvÛm´»m¶ØìvØìvØìudIÛm¶,33.747560312389325,0.9604817662446977
picsum_color_003.jpg,example_lsb,compression,jpeg,quality=30,6.357828776041667e-05,0.007973599423122325,90.09771533203215,0.9999998691280364,6.357828776041667e-05,5.462074755768516e-07,0.9999999945085469,0.5004251700680272,0.0006777363605557439,"I$I$m¶Ûm¶Ûm¶ÛI$I$I'DI$IÛm¶Ûm¶Ûm¶Ûm¶Ûm¶Ûm¶$I$I$IÛm¶òI$I$m¶Ûm´I$I$I$I$m¶ÛI$I$I$I$I$I$I$m¶Ûm¶Ûm¶ÛI$m¶Ûm¶Ûm¶Ûm¶Ûm¶$I$IÛmµÛm¶Ûm¶Ûm¶Ûm¶Ûm¶Ûm¶Ûm¶Ûm¶Ûm¶$I$I$I$I$IÛm¶$II$I$m¶Ûm¶Ûm¶ÛI$I$I'DI$IÛm¶Ûm¶Ûm¶Ûm¶Ûm¶Ûm¶$I$I$IÛm¶òI$I$m¶Ûm´I$I$I$I$m¶ÛI$I$I$I$I$I$I$m¶Ûm¶Ûm¶ÛI$m¶Ûm¶Ûm¶$IÛm¶$I$IÛmµÛm¶Ûm¶Ûm¶Ûm¶Ûm¶Ûm¶Ûm¶Ûm¶Ûm¶$I$I$I$I$IÛm¶$II$I$m¶Ûm¶Ûm¶ÛI$I$I'DI$IÛm¶Ûm¶Ûm¶Ûm¶Ûm¶Ûm¶$I$I$IÛm¶òI$I$m¶Ûm´I$I$I$I$m¶ÛI$I$I$I$I$I$I$m¶Ûm¶Ûm¶ÛI$m¶Ûm¶Ûm¶Ûm¶Ûm¶$I$IÛmµÛm¶Ûm¶Ûm¶Ûm¶Ûm¶Ûm¶Ûm¶Ûm¶Ûm¶$I$I$I$I$I$I$II$I$m¶Ûm¶Ûm¶ÛI$I$I'DI$IÛm¶Ûm¶Ûm¶Ûm¶Ûm¶Ûm¶$I$I$IÛm¶òI$I$m¶Ûm´I$I$I$I$m¶ÛI$I$I$I$I$I$I$m¶Ûm¶Ûm¶ÛI$m¶Ûm¶Ûm¶$IÛm¶$I$IÛmµÛm¶Ûm¶Ûm¶Ûm¶Ûm¶Ûm¶Ûm¶Ûm¶Ûm¶$I$I$I$I$I$I$II$I$m¶Ûm¶Ûm¶ÛI$I$I'DI$IÛm¶Ûm¶Ûm¶Ûm¶Ûm¶Ûm¶$I$I$IÛm¶òI$I$m¶Ûm´I$I$I$I$m¶ÛI$I$I$I$I$I$I$m¶Ûm¶Ûm¶ÛI$m¶Ûm¶Ûm¶Ûm¶Ûm¶$I$IÛmµÛm¶Ûm¶Ûm¶Ûm¶Ûm¶Ûm¶Ûm¶Ûm¶Ûm¶$I$I$I$I$IÛm¶$II$I$m¶Ûm¶Ûm¶ÛI$I$I'DI$IÛm¶Ûm¶Ûm¶Ûm¶Ûm¶Ûm¶$I$I$IÛm¶òI$I$m¶Ûm´I$I$I$I$m¶ÛI$I$I$I$I$I$I$m¶Ûm¶Ûm¶ÛI$m¶Ûm¶Ûm¶Ûm¶Ûm¶$I$IÛmµÛm¶Ûm¶Ûm¶Ûm¶Ûm¶Ûm¶Ûm¶Ûm¶Ûm¶$I$I$I$I$I$I$II$I$m¶Ûm¶Ûm¶ÛI$I$I'DI$IÛm¶Ûm¶Ûm¶Ûm¶Ûm¶Ûm¶$I$I$IÛm¶òI$I$m¶Ûm´I$I$I$I$m¶ÛI$I$I$I$I$I$I$m¶Ûm¶Ûm¶ÛI$m¶Ûm¶Ûm¶$IÛm¶$I$IÛmµÛm¶Ûm¶Ûm¶Ûm¶Ûm¶Ûm¶Ûm¶Ûm¶Ûm¶$I$I$I$I$IÛm¶$II$I$m¶Ûm¶Ûm¶ÛI$I$I'DI$IÛm¶Ûm¶Ûm¶Ûm¶Ûm¶Ûm¶$I$I$IÛm¶òI$I$m¶Ûm´I$I$I$I$m¶ÛI$I$I$I$I$I$I$m¶Ûm¶Ûm¶ÛI$m¶Ûm¶Ûm¶$IÛm¶$I$IÛmµÛm¶Ûm¶Ûm¶Ûm¶Ûm¶Ûm¶Ûm¶Ûm¶Ûm¶$I$I$I$I$I$I$II$I$I$m¶Ûm¶Ûm¶ÛI$I'DI$IÛm¶Ûm¶Ûm¶Ûm¶Ûm¶Ûm¶Ûm¶Ûm¶$I$I¶Ûm¶Ûm¶Ûm´I$I$m¶ÛI$m¶ÛI$I$m¶Ûm¶Ûm¶Ûm¶ÛI$m¶Ûm¶Ûm¶Ûm¶Ûm¶Ûm¶Ûm¶$I$I$IÛm¶ÛmµÛm¶Ûm¶Ûm¶Ûm¶Ûm¶Ûm¶Ûm¶Ûm¶$I$I$I$I$I$I$I$II$I$I$m¶Ûm¶Ûm¶ÛI$I'DI$IÛm¶Ûm¶Ûm¶Ûm¶Ûm¶Ûm¶Ûm¶Ûm¶$I$I¶Ûm¶Ûm¶$KI$I$m¶ÛI$m¶ÛI$I$m¶Ûm¶Ûm¶Ûm¶ÛI$m¶Ûm¶Ûm¶Ûm¶Ûm¶Ûm¶Ûm¶$I$I$IÛm¶ÛmµÛm¶Ûm¶Ûm¶Ûm¶Ûm¶Ûm¶Ûm¶Ûm¶$I$I$I$I$I$I$I$II$I$I$m¶Ûm¶Ûm¶ÛI$I'DI$IÛm¶Ûm¶Ûm¶Ûm¶Ûm¶Ûm¶Ûm¶Ûm¶$I$I¶Ûm¶Ûm¶Ûm´I$I$I$I$I$I$I$I$I$I$I$I$I$I$I$I$m¶Ûm¶Ûm¶$I$I$IÛm¶ÛmµÛm¶Ûm¶Ûm¶Ûm¶Ûm¶Ûm¶Ûm¶Ûm¶$I$I$I$I$I$I$I$II$I$I$m¶Ûm¶Ûm¶ÛI$I'DI$IÛm¶Ûm¶Ûm¶Ûm¶Ûm¶Ûm¶Ûm¶Ûm¶$I$I¶Ûm¶Ûm¶$KI$I$I$I$I$I$I$I$I$I$I$I$I$I$I$I$m¶Ûm¶Ûm¶$I$I$IÛm¶ÛmµÛm¶Ûm¶Ûm¶Ûm¶Ûm¶Ûm¶Ûm¶Ûm¶$I$I$I$I$I$I$I$II$I$I$m¶Ûm¶Ûm¶ÛI$I'DI$IÛm¶Ûm¶Ûm¶Ûm¶Ûm¶Ûm¶Ûm¶Ûm¶$I$I¶Ûm¶Ûm¶Ûm´I$I$m¶ÛI$m¶ÛI$I$m¶Ûm¶Ûm¶Ûm¶ÛI$m¶Ûm¶Ûm¶Ûm¶Ûm¶Ûm¶Ûm¶$I$I$IÛm¶ÛmµÛm¶Ûm¶Ûm¶Ûm¶Ûm¶Ûm¶Ûm¶Ûm¶$I$I$I$I$I$I$I$II$I$I$m¶Ûm¶Ûm¶ÛI$I'DI$IÛm¶Ûm¶Ûm¶Ûm¶Ûm¶Ûm¶Ûm¶Ûm¶$I$I¶Ûm¶Ûm¶Ûm´I$I$I$I$I$I$I$I$I$I$I$I$I$I$I$I$m¶Ûm¶Ûm¶$I$I$IÛm¶ÛmµÛm¶Ûm¶Ûm¶Ûm¶Ûm¶Ûm¶Ûm¶Ûm¶$I$I$I$I$I$I$I$II$I$I$m¶Ûm¶Ûm¶ÛI$I'DI$IÛm¶Ûm¶Ûm¶Ûm¶Ûm¶Ûm¶Ûm¶Ûm¶$I$I¶Ûm¶Ûm¶$KI$I$m¶ÛI$m¶ÛI$I$m¶Ûm¶Ûm¶Ûm¶ÛI$m¶Ûm¶Ûm¶Ûm¶Ûm¶Ûm¶Ûm¶$I$I$IÛm¶ÛmµÛm¶Ûm¶Ûm¶Ûm¶Ûm¶Ûm¶Ûm¶Ûm¶$I$I$I$I$I$I$I$II$I$I$m¶Ûm¶Ûm¶ÛI$I'I$IÛm¶Ûm¶Ûm¶Ûm¶Ûm¶Ûm¶Ûm¶Ûm¶$I$I",32.4113159712078,0.9420566419582075
picsum_color_003.jpg,example_lsb,compression,webp,quality=95,6.357828776041667e-05,0.007973599423122325,90.09771533203215,0.9999998691280364,6.357828776041667e-05,5.462074755768516e-07,0.9999999945085469,0.45738636363636365,0.03636363636363636,I$Ûi$þßÿm²II$$Im½¶X¶Ûc$Û$I$I»m¶$II ,45.7623498525821,0.9930362555404294
picsum_color_003.jpg,example_lsb,compression,webp,quality=85,6.357828776041667e-05,0.007973599423122325,90.09771533203215,0.9999998691280364,6.357828776041667e-05,5.462074755768516e-07,0.9999999945085469,0.4834558823529412,0.05063291139240506,I$$Iµ¿ÿfÛB[ù$$I+mÛm¶$äI$RJÛmI$¶ÛmI$¿µ$I$I 	&Ý¶$Ûm°?µ°,40.493233985563684,0.9815383444983828
picsum_color_003.jpg,example_lsb,noise,gaussian,mean=0.0_var=0.01,6.357828776041667e-05,0.007973599423122325,90.09771533203215,0.9999998691280364,6.357828776041667e-05,5.462074755768516e-07,0.9999999945085469,0.5291666666666667,0.00997506234413965,"Ùâý°r<äê(xù±m1í[«:¿Ô'ÈÖÇ¢ð\Ãë;ÍJn@5%v6bx÷Öû	j¶®ÒNC-ÿýíØ1BgóbT?hïÌ2t»3<»ÄHâ""²®=Xøðq¼RÆôåqÉ9 ßÛhËíL[ùì¹""ä9é%ÎR½þjoy;ÊvÇZØâå×³Y9K|ê±-ÁwÂUûsv¾cNëH1ÓÜtwG[Þvîr·÷Ý[<¡%%.7×>æ]¿O0â,wÖØÿìPvÄ¬¾£l15q¢Åùú(óÌ×,î6Öê~ÈhÅ}Ö×¡ïpôÔî<hæ¯FXzó}KdVQÜºDÌmâý8¯Y¨îd$ìíºÏKMK¿µmh!èÑêÆn?½æ÷¤ùk¦·¦8XSÕ=OÐ/êÃ^¡ ¤èºá0``ß
²k?.,x¶",20.47677409559466,0.3331762073903996
picsum_color_003.jpg,example_lsb,noise,gaussian,mean=0.0_var=0.05,6.357828776041667e-05,0.007973599423122325,90.09771533203215,0.9999998691280364,6.357828776041667e-05,5.462074755768516e-07,0.9999999945085469,0.6057692307692307,0.0091324200913242,"Z¾¯/q3xßÏÌîìd)¿Óúÿa0'¶=ÅC©ÖïVn\êÿÇô¹ì±ä¯YeßÐÞo©UH\zVÏü}L~÷{ï¯Ó¢©÷·ûèV6v¿u½ïõ]ñ^Á³·¼{ì6ÿ÷ý×cîm´ß%O³¾""2õòoµæ	kß©ÅÄ°ûíîßí´}l{åÍ£I­Û½Ìò½þ5ÛòÕ¿~7]¿ÜËõ¿Öû Ïvéûë2ÍuÛnøreo±+þ~÷¢MÀçGì(3?d",14.333202321715973,0.15635342366510885
picsum_color_003.jpg,example_lsb,noise,salt_pepper,amount=0.05,6.357828776041667e-05,0.007973599423122325,90.09771533203215,0.9999998691280364,6.357828776041667e-05,5.462074755768516e-07,0.9999999945085469,0.045454545454545456,0.7272727272727273,SECEÄ`DATA,17.79780652804128,0.5224360628152809
picsum_color_003.jpg,example_lsb,noise,speckle,var=0.04,6.357828776041667e-05,0.007973599423122325,90.09771533203215,0.9999998691280364,6.357828776041667e-05,5.462074755768516e-07,0.9999999945085469,0.5572525597269624,0.009485094850948509,"ðÌ¯cÃÌØû íÀ»ÖÂùC%¶ÛíU·ä±}ó@Ð¤V¿ðèl9>¼ÒjGK7~ãY¦V¿º²[òÎ³ÖIù¸8¯³¼}Ò×¿÷~ÿV{ôÞ­±ôíw÷çÿå!ë^÷9ôÿ93/×çþ¸÷wÂ:{ðÏg}.æ«¥&­WËü:fªÛoX÷sèkøÚ¾ÝÉ|@""ÔVµFF?,0máðWªøEÙ&öæ¢ú2<VÐw!ÿûNÊßV¨åÜ|`Ð­¦Ë@ £rÓ¨nýQwRIwf};:ì""ta-ÞeîÈû·njxIº½½Ø&~ÓO´5'û;Ó(«Mðü¯A¾Ï­Tb;e4ýoí5²]úÉÖ1S	ß.'äºÝÿßy""Vgéìulnÿvo=þ`Ãû÷ßø¶=>Þ/×={QE#sj*óÆI×6±×ÓÁ¹!¿Æ	õ÷Î»`UÌ5IAÑmÌ7Õÿk~D:ZrÄH+lQ®ò±Ï]E6ß$çÅ:æ-õôXm|ó¨8¹iad:ûa>¡äkrÞâéô[*ÓÞ{¿`ÖíÍ®ä4ßÇgGç}Ór^+1_àÏÞþíØ]0Îß{¡ô¾«ýýè.±7(Ý»£ìl÷oágÈôÿ|ÕriÔlVìjè5¦OÇjáEÛß÷­_üÏÒî®-å<ÕABÜÍn`«@cð­ì*ñ9a§c´£__K{Rëf^*ü+QÁñ'¯×áGßMêqÂUQóhðbÚÞëþï`6ÌoÎ¤Æè&ÞÃÛ[Ûýüãë.g÷\|Úq*½k÷äÀãY¾³È,å{èv}«VúP{v%ÖÄr>k/oÞ:Ù{¢M^Ï{rùîö8[WLÇ¾ù®´´æßå5ÜÖ­{>ÒÕxäVxr½õðì¦öq[Õ
úð9çë{únÏü@å/0jB(#ËTÊS¨ÏpkR_8¶E(³ö2p¸ÖÎì#À9<>>åû.¹ß«QöÜ&÷ù÷ÇB£åÓGk÷ìårg­üyò M~÷v§³Y6yXËû»¯íNq{:xORFÇ¦&ìØ¦K	þö¢ý,GDß,DàâÎÌLÿá÷õCWG;ÔäudeêïúÛøöâ/¥gI`gªçOïì¤$Ý¿&Ø»0#ºlËðcôß«áöÊìßï¤pew""<fF;t¬á(""Në2ftëS°ñÞïöüëø¡°/Ï\åî§z5ÜZù?LïÙOÙÓ°ý¢ûàÙøy½ÜûûdÒU^]]·JwÔ´áÓ÷ó{ö¼Ü~Ma`~(séçcngßæÉ²iiö³a/y.U1Q¼;5Sz°¿¡ÛQ#è±9Ö©R=Y""óõò£jòïïÈSo®ìßJòG^N6Iíì÷ïo·ruÐs¨+6wI¯ObtÏWÿÍÇÍ|´ÅðvÆÀJ^Ó=§gÔ>ÿÑº{W[åãèVå""x«ÓûÊ¹õ¾ÛÏ*gmEOé£~ëÞvßt»ì%ûí|uíûþídþþ~ïÃwÛ/÷3û/MãµÓL_ÇêÃyºÑïs)(½yÏÒ í~iùo,K7µÞ<î²mv´§³¯qIR®ä÷f]úgâA+pµEÎQ~e8»JÀj ùXeb5âsÈòÏ~Ú}ÛýeMñ£\kmÿ}ø'ìâÓÞ~ïYïyë,n_W:¾uÖßo÷%{#=ÃôSoGÿ._ÞÈÌ",19.79735249688773,0.4840440683038829
picsum_color_003.jpg,example_lsb,filtering,gaussian_blur,kernel_size=3,6.357828776041667e-05,0.007973599423122325,90.09771533203215,0.9999998691280364,6.357828776041667e-05,5.462074755768516e-07,0.9999999945085469,0.5,0.0,o¶Ü2IV¤	dÛ7$m¶ÛèÛ,31.76558548723986,0.9640812127225487
picsum_color_003.jpg,example_lsb,filtering,gaussian_blur,kernel_size=5,6.357828776041667e-05,0.007973599423122325,90.09771533203215,0.9999998691280364,6.357828776041667e-05,5.462074755768516e-07,0.9999999945085469,0.5119047619047619,0.0,m¶ÜrIV¦dÛ6äm¶ÚË,29.0384915849774,0.9296525090582161
picsum_color_003.jpg,example_lsb,filtering,gaussian_blur,kernel_size=7,6.357828776041667e-05,0.007973599423122325,90.09771533203215,0.9999998691280364,6.357828776041667e-05,5.462074755768516e-07,0.9999999945085469,0.48214285714285715,0.0,m¶ÜnIBd6äm¶ÚK	,26.968858684130765,0.8817510354663959
picsum_color_003.jpg,example_lsb,filtering,median,kernel_size=3,6.357828776041667e-05,0.007973599423122325,90.09771533203215,0.9999998691280364,6.357828776041667e-05,5.462074755768516e-07,0.9999999945085469,0.4226190476190476,0.0,K&ÛIV	d7$m¶Û$ÌÛ,30.23891088218605,0.948787355118574
picsum_color_003.jpg,example_lsb,filtering,median,kernel_size=5,6.357828776041667e-05,0.007973599423122325,90.09771533203215,0.9999998691280364,6.357828776041667e-05,5.462074755768516e-07,0.9999999945085469,0.44047619047619047,0.0,I6ßrI@d6äm¶Û$É,26.19005618518669,0.8650679121320857
picsum_color_003.jpg,example_lsb,geometric,rotation,angle=2.0,6.357828776041667e-05,0.007973599423122325,90.09771533203215,0.9999998691280364,6.357828776041667e-05,5.462074755768516e-07,0.9999999945085469,0.32954545454545453,0.0,,14.612141936378947,0.47402467725277414
picsum_color_003.jpg,example_lsb,geometric,rotation,angle=5.0,6.357828776041667e-05,0.007973599423122325,90.09771533203215,0.9999998691280364,6.357828776041667e-05,5.462074755768516e-07,0.9999999945085469,0.32954545454545453,0.0,,11.99944092908877,0.4049087213246856
picsum_color_003.jpg,example_lsb,geometric,scaling,scale_factor=1.5,6.357828776041667e-05,0.007973599423122325,90.09771533203215,0.9999998691280364,6.357828776041667e-05,5.462074755768516e-07,0.9999999945085469,0.3897058823529412,0.07142857142857142,"Bi 2$
¬< (",37.28147699661423,0.9904299017895806
picsum_color_003.jpg,example_lsb,geometric,scaling,scale_factor=0.8,6.357828776041667e-05,0.007973599423122325,90.09771533203215,0.9999998691280364,6.357828776041667e-05,5.462074755768516e-07,0.9999999945085469,0.58125,0.028169014084507043,R*<)@ªFäm¶É<6$I*Óÿ¶Ûm¶ÙdI$FäIÛmñ¸í¶Çm¶?ÿÿÿÿ¶Ûm¶ßÿÿ,32.5814374759845,0.9708994600515268
picsum_color_003.jpg,example_lsb,geometric,cropping,percentage=0.1,6.357828776041667e-05,0.007973599423122325,90.09771533203215,0.9999998691280364,6.357828776041667e-05,5.462074755768516e-07,0.9999999945085469,0.5227272727272727,0.0,;I$m¶Ûm¶Ú,16.24401196699678,0.46476350262524174
picsum_color_004.jpg,example_lsb,none,clean,none,6.357828776041667e-05,0.007973599423122325,90.09771533203215,0.9999999948973349,6.357828776041667e-05,5.56765815968587e-07,0.9999999909444666,0.0,1.0,SECRET DATA,,
picsum_color_004.jpg,example_lsb,compression,jpeg,quality=95,6.357828776041667e-05,0.007973599423122325,90.09771533203215,0.9999999948973349,6.357828776041667e-05,5.56765815968587e-07,0.9999999909444666,0.3181818181818182,0.0,,54.0759646908402,0.9993116199386453
picsum_color_004.jpg,example_lsb,compression,jpeg,quality=85,6.357828776041667e-05,0.007973599423122325,90.09771533203215,0.9999999948973349,6.357828776041667e-05,5.56765815968587e-07,0.9999999909444666,0.5220588235294118,0.035398230088495575,"ÿøÇãñÇÿü¤­JÚ¨íÆãÉUUUI*U[R©ZªFäq¸Ü¸ãqÉÿÿÇüÿò6änG ²I$nHÛ6ä9""Xq$sÿÿ?üð?øÿÿÿãøÀ",44.11026536760197,0.9953240673842982
picsum_color_004.jpg,example_lsb,compression,jpeg,quality=70,6.357828776041667e-05,0.007973599423122325,90.09771533203215,0.9999999948973349,6.357828776041667e-05,5.56765815968587e-07,0.9999999909444666,0.32954545454545453,0.0,,42.030253099463735,0.9931235955594501
picsum_color_004.jpg,example_lsb,compression,jpeg,quality=50,6.357828776041667e-05,0.007973599423122325,90.09771533203215,0.9999999948973349,6.357828776041667e-05,5.56765815968587e-07,0.9999999909444666,0.5234375,0.0,þ?ÿð<8ã8?ü,30.957163331240324,0.9326097669489367
picsum_color_004.jpg,example_lsb,compression,jpeg,quality=30,6.357828776041667e-05,0.007973599423122325,90.09771533203215,0.9999999948973349,6.357828776041667e-05,5.56765815968587e-07,0.9999999909444666,0.3181818181818182,0.0,À,29.871334892361215,0.8963381260338386
picsum_color_004.jpg,example_lsb,compression,webp,quality=95,6.357828776041667e-05,0.007973599423122325,90.09771533203215,0.9999999948973349,6.357828776041667e-05,5.56765815968587e-07,0.9999999909444666,0.475,0.07692307692307693,J¸VtÚAF(Ú,45.71031463274649,0.9931873869406956
picsum_color_004.jpg,example_lsb,compression,webp,quality=85,6.357828776041667e-05,0.007973599423122325,90.09771533203215,0.9999999948973349,6.357828776041667e-05,5.56765815968587e-07,0.9999999909444666,0.5419921875,0.02877697841726619,"õWeSûm£ÞÔÔê×7Ú­ªæª×r©[b¥""N$öÙT­obvG$NÄí¶'kR$³]%mnÛU!UmV$ÿÿÿÿÀð°]¶$Ûm¶Ûm¶ÛÛNÛm¶Ûmµ""JVÛ[ofÞÛ2É9mÛfÛ¶·¶Ûm²ImÎ?ü",40.21433703661608,0.9804891583618183
picsum_color_004.jpg,example_lsb,noise,gaussian,mean=0.0_var=0.01,6.357828776041667e-05,0.007973599423122325,90.09771533203215,0.9999999948973349,6.357828776041667e-05,5.56765815968587e-07,0.9999999909444666,0.5489373601789709,0.013100436681222707,"zo¦âw~îjÏÚãÊ³ßåÓÉ»ÜþçÚËÂëÍ|ñKÄýûÛªñßÅä-:FO¨²ý3ö-olSM>[Sÿ¹#z·x$÷ºmQê¼£dPLÒW»âÑ»ÿâ÷ù`&ýÃû{ÛQò½[}Æê¦ñ½ö½6~,/,§Ü#CöuX(úóRíª*1¤R)YÞÂìðGÓªsÅGp>µ¢õ3ØæT»_É«¾Ü 4I7fW©KÙýUN_47.þ±¢Wç%/î\r3HÖ÷g¿ÃÁ÷Ç¹í¦ºwùösE1I®ª;o?/T ÑNv0`7>¦öú[´üíVývtQ¬|;×/ûé>ÿÉóÂ>ÚÉþi¾Í>Tµòæ®oÉ~6zsHù¯ÿ¿î¥§Æt¶qPÖ¨£âxm¼¸3£«ã£Þëëw^È/?U½Ä÷äô1c¤êém#ª^YEñ1âû[S¿ÿ¬l¯~çYýÛÁÇ+úcoþ¼ÏÓÚõÿÙG±Ï",20.0996445578086,0.31581561881393094
picsum_color_004.jpg,example_lsb,noise,gaussian,mean=0.0_var=0.05,6.357828776041667e-05,0.007973599423122325,90.09771533203215,0.9999999948973349,6.357828776041667e-05,5.56765815968587e-07,0.9999999909444666,0.6033996994740797,0.005961251862891207,"rû&ÛN¿_ñ­O¿ÛS[êü~þÝ÷Ow}Y³£êúvF÷ß/?¾|vÏïî¯Ù³±Êí½3TÞ¤þØöSyæ¬û¯jsÏvÅ¦íe·G÷Æmùgù«ýï[¾-[{Aô_Åjõþk~ÉâÒrÞûóPUý¯w®Tønù¾åÜ§ç_×·W?ÚzíÞIÇ3JGÁZþW{Ç_>ks:I«Oã9ï}'ßÖÛRÑplÝþýÙÀ4odö¤L4wo÷U4®ÿ/åKþw½¶Ü.ÿÿñ¢ÿÒ:ß°ú]ï
eõ_õùn÷k=¯Ø=þ¾ÿûï±wûþéë¯¸MûÉ³ûüïûÎåo§kõ-³û¨Vî÷ù¿çøþ¹¿úèíù¸>Úëá5ã]ß~lÛsxM¡ïðâë*x}»}ÜÇv¹7%ÊhÚò©m4ê×æ® @#%{>Ã¾oôÚ³ó\ËMXåI*®õÜ5Å²ädá×hãîýC²îÿ³ÿ]}õ8Mo6»Úøõtø§q7kK¬þ¹éäs\Gïã;ÿØ=×{xyõg§<¼½ïÓÛÿßéõî[Ý´ûvóìÿKÜ]{¸¯òÿ=«n6ÿe&çÕ3¿¾Øý¹Ý¯µi·þÉ×­¯¿ûWùA+}¾îÿ½.%k@îml]áÜUä ä÷ÈÛOPÖËT=ÖV[wóJ®Çßîè;|Ððí°ôx¡´?|mM,×èï>rà çöpé÷v""ÿ¯tOòËÜë6þ©sþÂ÷îçj{½Óð*ñ}­Kk¾^ÿü£müÍËüÓ2ðYø;òëT·Á·n÷¥êï};öòû1÷_×ÿôíæ}í{k÷k7{ÿ-wÙçùnøÆîiöH¯~ÂJxnÅN÷}ôÿî¡âoº;ÊUû=Û:?:êgéëïÜOì=)xp|j *ë:^÷â®ñp×óüäõMws·ßÐ¸ñzæ·¼~þôYøÃ·=¹íßÓô-üïbù}õ>&çÿ.ÓaØV[óyÞ~Ás÷û#¸ìõ{ÍÅÍRCz6ùuîýYÏoÏÈýoøÉÇÜåËµ½GøUã£kÚYïÐ§·N­í6Öû	L=MË¼³cãÔç¹°~½kwïåLsÇúÉlÂæòþ­S»¹`w»Qîî®iÛÕ^®vÑö¿^¹¾Çô÷*~Â»r¤õ½yxó(^ÊwÈ!à%½$u5rèïüÙË{©ÚØ²Ð»÷ÒÜ§_È½­ÿ·³ù¢ðjíë7ª?""yÈùþg7þ?ß/®YéýLë­Ø¬Åßç+òWïÏû*ëù_÷»;wÛn¾¦¾Öjëöþ{a[¿j±þÓþv^ïÑï}Æ£Ü¾Z«êÙ#4Hûï§¼e®Z¶Nó]?·÷`|?_?{,^oe´{7Aþ·Vg~-vÙU[Ê»F$¥»æXÞOxoíh
ËÏ²¹¡ÞWüÔ%,ù8s£§ú½û@.ÔR5f»tó¿.×ñwþuoeæûRå^Ëlï~Uåéz¦40©Y]ÉÅo__ý|§DÜõoþ!ý»÷)ø_®ü~Êw¹±¿tzsÛégêD-uçsj]Â»h¶37ükä³­æ£Âß30!Õ#ëÛr[vDßM¥ðíã",13.92783978781275,0.1397714860673643
picsum_color_004.jpg,example_lsb,noise,salt_pepper,amount=0.05,6.357828776041667e-05,0.007973599423122325,90.09771533203215,0.9999999948973349,6.357828776041667e-05,5.56765815968587e-07,0.9999999909444666,0.38480392156862747,0.3225806451612903,SECRET DAÔAUE¶ª~ÿÇU*J­I%m¨[íÈÜ¼ÜrIÈÜë?,18.382548654921685,0.5124873425205163
picsum_color_004.jpg,example_lsb,noise,speckle,var=0.04,6.357828776041667e-05,0.007973599423122325,90.09771533203215,0.9999999948973349,6.357828776041667e-05,5.56765815968587e-07,0.9999999909444666,0.5954623287671232,0.010084033613445379,"¶téz<ïrT«ïõÈ/µä©JO4îë»÷ÿÛî Z~Íÿîk»÷¥.8öï?µßî{¹­^ð¹ßÊj·þg6öé7ä4§""{óùþkû+zzO'ÿ<<þ}7ëÈþP_Dm?¿íûÏ³÷¼}_Þ7Ýþfo/ÛéîÕ}+»Øî7åï$¹îùÃ÷r×5öòc¾°xJðß3¹MQ°à¡´&e9³õS{IuÞÍy ç­ÊÌqþ^{þ»Ü}g½>j÷¯ÿ_¿:oqÿø¯þc{ó×ÕßZÞþº?ù³-á¼'NGç§cÕãª¼u¼wº½×Å¶¿Öðñ&hÚrzïmÿïý¯G/\u5þ»õ§gßÝýÿ?aSÛëtýcý<»ÜV~ÆwýÕl ®>_U(8ê! ÏrÜ
' _Ïº[yPåoeEwôÊßèsÊü¯aÏ.Nï(ß'÷~Vºýÿ9^iÞáØF¿Ã«¯³?Oâª²:ÿ°ëõÕ§ú*Qænë3º.×Û¶n_ÒwÓíjÝ3i>+ýÁí9¸}¶¦w}[<þF9PÔß³÷j»Y?íÿßúÝÑcãoòBÆÛÎ¿ør¿ÿ-y±iÿj¼¶ÊUÂ*Û¸kØW;{ûïZÙ_§#ookë	÷ÍSX¼ý´ÛHi~V®Éö,»>rlÍÎÿÔÎá¶)½Ñ²ÏpÎÎ LTj¨¼",20.28248992955533,0.42590799186465067
picsum_color_004.jpg,example_lsb,filtering,gaussian_blur,kernel_size=3,6.357828776041667e-05,0.007973599423122325,90.09771533203215,0.9999999948973349,6.357828776041667e-05,5.56765815968587e-07,0.9999999909444666,0.5044642857142857,0.05970149253731343,8aÅýücGù¶¹N«*<?ãñÃJÕU±´uJÝElî8ÛmÆàq¹qÉ# p«o ~,29.98202358238214,0.9236202773654716
picsum_color_004.jpg,example_lsb,filtering,gaussian_blur,kernel_size=5,6.357828776041667e-05,0.007973599423122325,90.09771533203215,0.9999999948973349,6.357828776041667e-05,5.56765815968587e-07,0.9999999909444666,0.32954545454545453,0.0,ò,27.900945786329544,0.8697122330534429
picsum_color_004.jpg,example_lsb,filtering,gaussian_blur,kernel_size=7,6.357828776041667e-05,0.007973599423122325,90.09771533203215,0.9999999948973349,6.357828776041667e-05,5.56765815968587e-07,0.9999999909444666,0.47606382978723405,0.034482758620689655,³Ø6à7$GÆÃ¶Ýïk¶äs^I b2Û~I¼I 6ÛnI @ý,26.41664466698702,0.8113612335531951
picsum_color_004.jpg,example_lsb,filtering,median,kernel_size=3,6.357828776041667e-05,0.007973599423122325,90.09771533203215,0.9999999948973349,6.357828776041667e-05,5.56765815968587e-07,0.9999999909444666,0.3181818181818182,0.15384615384615385,B ,28.23811132967068,0.8831143062798442
picsum_color_004.jpg,example_lsb,filtering,median,kernel_size=5,6.357828776041667e-05,0.007973599423122325,90.09771533203215,0.9999999948973349,6.357828776041667e-05,5.56765815968587e-07,0.9999999909444666,0.32954545454545453,0.0,H,25.559030184833958,0.7731657196975309
picsum_color_004.jpg,example_lsb,geometric,rotation,angle=2.0,6.357828776041667e-05,0.007973599423122325,90.09771533203215,0.9999999948973349,6.357828776041667e-05,5.56765815968587e-07,0.9999999909444666,0.32954545454545453,0.0,,15.149408435473113,0.4716731407064698
picsum_color_004.jpg,example_lsb,geometric,rotation,angle=5.0,6.357828776041667e-05,0.007973599423122325,90.09771533203215,0.9999999948973349,6.357828776041667e-05,5.56765815968587e-07,0.9999999909444666,0.32954545454545453,0.0,,12.282938510722392,0.39123000709534345
picsum_color_004.jpg,example_lsb,geometric,scaling,scale_factor=1.5,6.357828776041667e-05,0.007973599423122325,90.09771533203215,0.9999999948973349,6.357828776041667e-05,5.56765815968587e-07,0.9999999909444666,0.5,0.09090909090909091,Aè£åâpz?á,35.15314346937977,0.978773647458662
picsum_color_004.jpg,example_lsb,geometric,scaling,scale_factor=0.8,6.357828776041667e-05,0.007973599423122325,90.09771533203215,0.9999999948973349,6.357828776041667e-05,5.56765815968587e-07,0.9999999909444666,0.5220588235294118,0.07142857142857142,m¼àßDÞ)z¾Õ×ÿ,30.792100370554387,0.938567270712435
picsum_color_004.jpg,example_lsb,geometric,cropping,percentage=0.1,6.357828776041667e-05,0.007973599423122325,90.09771533203215,0.9999999948973349,6.357828776041667e-05,5.56765815968587e-07,0.9999999909444666,0.32954545454545453,0.0,,13.842837764794664,0.41016778877386223
